﻿pos_x,pos_y,rotation,side,designator,mpn,pack,footprint,value,mount_type
235.0,-100.0,-90.0,bottom,BT101,,None,KE_3034TR,KE_3034TR,smt
158.5,-95.0,90.0,top,C101,,,0603_1608Metric,4.7uF,smt
155.0,-95.0,90.0,top,C102,,,0603_1608Metric,100nF,smt
143.0,-103.0,180.0,top,C103,,,0603_1608Metric,100nF,smt
146.5,-107.0,-90.0,top,C104,,,0603_1608Metric,1uF,smt
145.0,-93.0,90.0,top,C105,,,0603_1608Metric,1uF,smt
147.0,-93.0,90.0,top,C106,,,0603_1608Metric,100nF,smt
160.0,-107.775,-90.0,top,C107,,,0603_1608Metric,1uF,smt
157.0,-107.775,-90.0,top,C108,,,0603_1608Metric,100nF,smt
69.5,-83.5,90.0,top,C109,,,0402_1005Metric,10pF,smt
150.0,-107.0,-90.0,top,C110,,,0603_1608Metric,22nF,smt
217.5,-70.275,90.0,top,C111,,,0603_1608Metric,100nF,smt
147.0,-78.725,-90.0,top,C112,,,0603_1608Metric,100nF,smt
145.0,-82.275,90.0,top,C113,,,0603_1608Metric,10uF,smt
147.0,-82.275,-90.0,top,C114,,,0603_1608Metric,100nF,smt
199.5,-73.5,0.0,top,C115,,,0603_1608Metric,1uF,smt
199.0,-82.5,180.0,top,C116,,,0603_1608Metric,10uF,smt
195.0,-82.5,0.0,top,C117,,,0603_1608Metric,10uF,smt
205.225,-82.5,180.0,top,C118,,,0603_1608Metric,1uF,smt
204.725,-73.5,0.0,top,C119,,,0603_1608Metric,10uF,smt
212.5,-78.5,180.0,top,C120,,,0603_1608Metric,10uF,smt
140.0,-108.0,0.0,top,D101,,,EE_EAST1616RGBB2,EE_EAST1616RGBB2,smt
65.0,-65.0,-90.0,top,J101,,None,SAM_FTSH-107-01-L-DV-K-A_STDC14,SAM_FTSH-107-01-L-DV-K-A_STDC14,smt
150.0,-124.585,180.0,top,J102,,,WE_61304021121,WE_61304021121,tht
154.0,-107.775,90.0,top,L101,,,0603_1608Metric,600R@100MHz,smt
152.0,-107.775,90.0,top,L102,,,0603_1608Metric,600R@100MHz,smt
140.0,-103.275,90.0,top,R101,,,0603_1608Metric,147R,smt
136.5,-103.275,90.0,top,R102,,,0603_1608Metric,147R,smt
73.5,-83.225,-90.0,top,R103,,,0603_1608Metric,1K,smt
133.275,-103.275,90.0,top,R104,,,0603_1608Metric,511R,smt
137.225,-97.0,0.0,top,R105,,,0603_1608Metric,10K,smt
235.0,-135.0,180.0,top,R106,,,TTE_P120PK-Y25BR10K,TTE_P120PK-Y25BR10K,tht
65.0,-135.0,180.0,top,R107,,,TTE_P120PK-Y25BR10K,TTE_P120PK-Y25BR10K,tht
207.5,-66.5,90.0,top,R108,,,0603_1608Metric,59K,smt
211.5,-64.0,0.0,top,R109,,,0603_1608Metric,100K,smt
157.45,-77.0,0.0,top,R110,,,0603_1608Metric,10K,smt
157.45,-83.0,0.0,top,R111,,,0603_1608Metric,10K,smt
157.5,-79.0,180.0,top,R112,,,0603_1608Metric,23.2K,smt
157.5,-81.0,180.0,top,R113,,,0603_1608Metric,23.2K,smt
194.0,-74.5,-90.0,top,R114,,,0603_1608Metric,100K,smt
210.5,-74.0,-90.0,top,R115,,,0603_1608Metric,100K,smt
65.0,-80.0,90.0,top,SW101,,,CK_GSPTS004003,CK_GSPTS004003,smt
235.0,-75.0,180.0,top,SW102,,,ESW_RA11131121,ESW_RA11131121,tht
150.0,-100.0,90.0,top,U101,,LQFP-48 STMicroelectronics,STM32L433CCT6,STM32L433CCT6,smt
211.5,-67.5,180.0,top,U102,,SOT-23-6 Texas Instruments,TI_TPS2553DBVT_SOT-23-6,TI_TPS2553DBVT,smt
150.0,-80.0,180.0,top,U103,,,ST_LIS2DW12TR,ST_LIS2DW12TR,smt
197.7,-77.944249,90.0,top,U104,,,MIC_MCP1253T-33X50IMS,MIC_MCP1253T-33X50I/MS,smt
207.0,-77.9045,-90.0,top,U105,,,MIC_MCP1253T-33X50IMS,MIC_MCP1253T-33X50I/MS,smt
