﻿Designator,Quantity,Value,Footprint,Package,MPN,DNP,Mount_Type,Description,DigiKey_Part_Number,SnapEDA_Link,MAXIMUM_PACKAGE_HEIGHT,Check_prices,STANDARD,PARTREV,MF,MP,Description_1,SNAPEDA_PN,MANUFACTURER,PRICE,AVAILABILITY,SNAPEDA_PACKAGE_ID
BT101,1,KE_3034TR,KE_3034TR,None,,,smt,BATTERY RETAINER COIN 20MM SMD,36-3034CT-ND,https://www.snapeda.com/parts/3034TR/Keystone/view-part/?ref=snap,4.31mm,https://www.snapeda.com/parts/3034TR/Keystone/view-part/?ref=eda,Manufacturer Recommendations,E,Keystone Electronics,3034TR,Coin Cell Retainer; Holder; SMT;20mm Cell; Nickel Plate; Tape & Reel | Keystone Electronics 3034TR,3034TR,Keystone Electronics,,,
C101,1,4.7uF,0603_1608Metric,,,,smt,Unpolarized capacitor,,,,,,,,,,,,,,
"C102, C103, C106, C108, C111, C112, C114",7,100nF,0603_1608Metric,,,,smt,Unpolarized capacitor,,,,,,,,,,,,,,
"C104, C105, C107, C115, C118",5,1uF,0603_1608Metric,,,,smt,Unpolarized capacitor,,,,,,,,,,,,,,
C109,1,10pF,0402_1005Metric,,,,smt,Unpolarized capacitor,,,,,,,,,,,,,,
C110,1,22nF,0603_1608Metric,,,,smt,Unpolarized capacitor,,,,,,,,,,,,,,
"C113, C116, C117, C119, C120",5,10uF,0603_1608Metric,,,,smt,Unpolarized capacitor,,,,,,,,,,,,,,
D101,1,EE_EAST1616RGBB2,EE_EAST1616RGBB2,,,,smt,LED RGB DIFFUSED 4SMD,,,,,,,,,,,,,,
J101,1,SAM_FTSH-107-01-L-DV-K-A_STDC14,SAM_FTSH-107-01-L-DV-K-A_STDC14,None,,,smt,CONN HEADER SMD 14POS 1.27MM,FTSH-107-01-L-DV-K-A-ND,https://www.snapeda.com/parts/FTSH-107-01-L-DV-K-A/Samtec+Inc./view-part/?ref=snap,6.23mm,https://www.snapeda.com/parts/FTSH-107-01-L-DV-K-A/Samtec+Inc./view-part/?ref=eda,Manufacturer Recommendation,H,Samtec Inc.,FTSH-107-01-L-DV-K-A,Connector Header Surface Mount 14 position 0.050 (1.27mm),,Samtec,,,
J102,1,WE_61304021121,WE_61304021121,,,,tht,CONN HEADER VERT 40POS 2.54MM,,,,,,,,,,,,,,
"L101, L102",2,600R@100MHz,0603_1608Metric,,,,smt,Inductor,,,,,,,,,,,,,,
"R101, R102",2,147R,0603_1608Metric,,,,smt,"Resistor, US symbol",,,,,,,,,,,,,,
R103,1,1K,0603_1608Metric,,,,smt,"Resistor, US symbol",,,,,,,,,,,,,,
R104,1,511R,0603_1608Metric,,,,smt,"Resistor, US symbol",,,,,,,,,,,,,,
"R105, R110, R111",3,10K,0603_1608Metric,,,,smt,"Resistor, US symbol",,,,,,,,,,,,,,
"R106, R107",2,TTE_P120PK-Y25BR10K,TTE_P120PK-Y25BR10K,,,,tht,POT 10K OHM 1/20W PLASTIC LINEAR,,,,,,,,,,,,,,
R108,1,59K,0603_1608Metric,,,,smt,"Resistor, US symbol",,,,,,,,,,,,,,
"R109, R114, R115",3,100K,0603_1608Metric,,,,smt,"Resistor, US symbol",,,,,,,,,,,,,,
R112,1,23.2K,0603_1608Metric,,,Yes,smt,"Resistor, US symbol",,,,,,,,,,,,,,
R113,1,23.2K,0603_1608Metric,,,Yes,smt,"Resistor, US symbol",,,,,,,,,,,,,,
SW101,1,CK_GSPTS004003,CK_GSPTS004003,,,,smt,SWITCH TACTILE SPST-NO 0.05A 12V,,,,,,,,,,,,,,
SW102,1,ESW_RA11131121,ESW_RA11131121,,,,tht,SWITCH ROCKER SPST 10A 125V,,,,,,,,,,,,,,
TP101,1,GND,TestPoint_THTPad_4.0x4.0mm_Drill2.0mm,,,,tht,test point,,,,,,,,,,,,,,
TP102,1,VCC_3V,TestPoint_THTPad_4.0x4.0mm_Drill2.0mm,,,,tht,test point,,,,,,,,,,,,,,
TP103,1,VCC_3V_OUT,TestPoint_THTPad_4.0x4.0mm_Drill2.0mm,,,,tht,test point,,,,,,,,,,,,,,
TP104,1,VCC_3V3,TestPoint_THTPad_4.0x4.0mm_Drill2.0mm,,,,tht,test point,,,,,,,,,,,,,,
TP105,1,VCC_5V,TestPoint_THTPad_4.0x4.0mm_Drill2.0mm,,,,tht,test point,,,,,,,,,,,,,,
U101,1,STM32L433CCT6,STM32L433CCT6,LQFP-48 STMicroelectronics,,,smt,MCU 32-Bit STM32L433xx ARM Cortex M4 RISC 256KB Flash 1.8V/2.7V/3.3V 48-Pin LQFP Tray,,,,,,,STMicroelectronics,STM32L433CCT6,,,,4.28 USD,Good,5844
U102,1,TI_TPS2553DBVT,TI_TPS2553DBVT_SOT-23-6,SOT-23-6 Texas Instruments,,,smt,Power Switch/Driver 1:1 N-Channel 1.5A SOT-23-6,296-23990-1-ND,https://www.snapeda.com/parts/TPS2553DBVT/Texas+Instruments/view-part/?ref=snap,,https://www.snapeda.com/parts/TPS2553DBVT/Texas+Instruments/view-part/?ref=eda,,,Texas Instruments,TPS2553DBVT,"0.075-1.7A adj. ILIMIT,  2.5-6.5V, 85mΩ USB power switch, active-high, reverse blocking",,,,,
U103,1,ST_LIS2DW12TR,ST_LIS2DW12TR,,,,smt,ACCEL 2-16G I2C/SPI 12LGA,,,,,IPC-7351B,4,,,,,STMicroelectronics,,,
"U104, U105",2,MIC_MCP1253T-33X50I/MS,MIC_MCP1253T-33X50IMS,,,,smt,IC REG CHARGE PUMP PROG 1 8MSOP,,,,,,,,,,,,,,
